0;Positie;p0
1;Positie;p0
2;Positie;p4
3;Positie;p4
4;Positie;p97
5;Positie;p97
6;Positie;p58
7;Positie;p58
8;Positie;p10
9;Positie;p10
10;Positie;p2
11;Positie;p2
12;Positie;p99
13;Positie;p99
14;Positie;p92
15;Positie;p92
16;Positie;p95
17;Positie;p95
18;Positie;p19
19;Positie;p19
20;Positie;p45
21;Positie;p45
22;Positie;p9
23;Positie;p9
24;Positie;p199
25;Positie;p199
26;Positie;p11
27;Positie;p11
28;Positie;p54
29;Positie;p54
30;Positie;p5
31;Positie;p5
32;Positie;p110
33;Positie;p110
34;Positie;p37
35;Positie;p37
36;Positie;p137
37;Positie;p137
38;Positie;p93
39;Positie;p93
40;Positie;p203
41;Positie;p203
42;Positie;p407
43;Positie;p407
44;Positie;p455
45;Positie;p455
46;Positie;p344
47;Positie;p344
48;Positie;p94
49;Positie;p94
50;Positie;p27
51;Positie;p27
52;Positie;p70
53;Positie;p70
54;Positie;p49
55;Positie;p49
56;Positie;p28
57;Positie;p28
58;Positie;p212
59;Positie;p212
60;Positie;p269
61;Positie;p269
62;Positie;p202
63;Positie;p202
64;Positie;p117
65;Positie;p117
66;Positie;p150
67;Positie;p150
68;Positie;p126
69;Positie;p126
70;Positie;p136
71;Positie;p136
72;Positie;p8
73;Positie;p8
74;Positie;p6
75;Positie;p6
76;Positie;p15
77;Positie;p15
78;Positie;p12
79;Positie;p12
80;Positie;p277
81;Positie;p277
82;Positie;p112
83;Positie;p112
84;Positie;p109
85;Positie;p109
86;Positie;p244
87;Positie;p244
88;Positie;p142
89;Positie;p142
90;Positie;p220
91;Positie;p220
92;Positie;p265
93;Positie;p265
94;Positie;p53
95;Positie;p53
96;Positie;p200
97;Positie;p200
98;Positie;p403
99;Positie;p403
100;Positie;p393
101;Positie;p393
102;Positie;p585
103;Positie;p585
104;Positie;p509
105;Positie;p509
106;Positie;p441
107;Positie;p441
108;Positie;p341
109;Positie;p341
110;Positie;p138
111;Positie;p138
112;Positie;p88
113;Positie;p88
114;Positie;p29
115;Positie;p29
116;Positie;p18
117;Positie;p18
118;Positie;p144
119;Positie;p144
120;Positie;p74
121;Positie;p74
122;Positie;p69
123;Positie;p69
124;Positie;p64
125;Positie;p64
126;Positie;p65
127;Positie;p65
128;Positie;p17
129;Positie;p17
130;Positie;p191
131;Positie;p191
132;Positie;p51
133;Positie;p51
134;Positie;p127
135;Positie;p127
136;Positie;p31
137;Positie;p31
138;Positie;p214
139;Positie;p214
140;Positie;p272
141;Positie;p272
142;Positie;p264
143;Positie;p264
144;Positie;p270
145;Positie;p270
146;Positie;p207
147;Positie;p207
148;Positie;p500
149;Positie;p500
150;Positie;p253
151;Positie;p253
152;Positie;p162
153;Positie;p162
154;Positie;p135
155;Positie;p135
156;Positie;p134
157;Positie;p134
158;Positie;p7
159;Positie;p7
160;Positie;p238
161;Positie;p238
162;Positie;p239
163;Positie;p239
164;Positie;p14
165;Positie;p14
166;Positie;p16
167;Positie;p16
168;Positie;p22
169;Positie;p22
170;Positie;p50
171;Positie;p50
172;Positie;p40
173;Positie;p40
174;Positie;p273
175;Positie;p273
176;Positie;p271
177;Positie;p271
178;Positie;p283
179;Positie;p283
180;Positie;p113
181;Positie;p113
182;Positie;p46
183;Positie;p46
184;Positie;p111
185;Positie;p111
186;Positie;p104
187;Positie;p104
188;Positie;p103
189;Positie;p103
190;Positie;p329
191;Positie;p329
192;Positie;p108
193;Positie;p108
194;Positie;p249
195;Positie;p249
196;Positie;p173
197;Positie;p173
198;Positie;p192
199;Positie;p192
200;Positie;p141
201;Positie;p141
202;Positie;p262
203;Positie;p262
204;Positie;p282
205;Positie;p282
206;Positie;p406
207;Positie;p406
208;Positie;p337
209;Positie;p337
210;Positie;p562
211;Positie;p562
212;Positie;p575
213;Positie;p575
214;Positie;p397
215;Positie;p397
216;Positie;p261
217;Positie;p261
218;Positie;p586
219;Positie;p586
220;Positie;p504
221;Positie;p504
222;Positie;p514
223;Positie;p514
224;Positie;p336
225;Positie;p336
226;Positie;p432
227;Positie;p432
228;Positie;p446
229;Positie;p446
230;Positie;p444
231;Positie;p444
232;Positie;p401
233;Positie;p401
234;Positie;p538
235;Positie;p538
236;Positie;p333
237;Positie;p333
238;Positie;p342
239;Positie;p342
240;Positie;p133
241;Positie;p133
242;Positie;p96
243;Positie;p96
244;Positie;p13
245;Positie;p13
246;Positie;p24
247;Positie;p24
248;Positie;p38
249;Positie;p38
250;Positie;p205
251;Positie;p205
252;Positie;p73
253;Positie;p73
254;Positie;p68
255;Positie;p68
256;Positie;p71
257;Positie;p71
258;Positie;p321
259;Positie;p321
260;Positie;p63
261;Positie;p63
262;Positie;p21
263;Positie;p21
264;Positie;p165
265;Positie;p165
266;Positie;p181
267;Positie;p181
268;Positie;p23
269;Positie;p23
270;Positie;p145
271;Positie;p145
272;Positie;p343
273;Positie;p343
274;Positie;p33
275;Positie;p33
276;Positie;p243
277;Positie;p243
278;Positie;p328
279;Positie;p328
280;Positie;p185
281;Positie;p185
282;Positie;p281
283;Positie;p281
284;Positie;p285
285;Positie;p285
286;Positie;p84
287;Positie;p84
288;Positie;p56
289;Positie;p56
290;Positie;p180
291;Positie;p180
292;Positie;p258
293;Positie;p258
294;Positie;p417
295;Positie;p417
296;Positie;p267
297;Positie;p267
298;Positie;p353
299;Positie;p353
300;Positie;p114
301;Positie;p114
302;Positie;p472
303;Positie;p472
304;Positie;p201
305;Positie;p201
306;Positie;p195
307;Positie;p195
308;Positie;p493
309;Positie;p493
310;Positie;p499
311;Positie;p499
312;Positie;p511
313;Positie;p511
314;Positie;p246
315;Positie;p246
316;Positie;p248
317;Positie;p248
318;Positie;p153
319;Positie;p153
320;Positie;p140
321;Positie;p140
322;Positie;p47
323;Positie;p47
324;Positie;p146
325;Positie;p146
326;Positie;p149
327;Positie;p149
328;Positie;p240
329;Positie;p240
330;Positie;p318
331;Positie;p318
332;Positie;p396
333;Positie;p396
334;Positie;p98
335;Positie;p98
336;Positie;p252
337;Positie;p252
338;Positie;p229
339;Positie;p229
340;Positie;p230
341;Positie;p230
342;Positie;p237
343;Positie;p237
344;Positie;p48
345;Positie;p48
346;Positie;p294
347;Positie;p294
348;Positie;p330
349;Positie;p330
350;Positie;p26
351;Positie;p26
352;Positie;p175
353;Positie;p175
354;Positie;p44
355;Positie;p44
356;Positie;p20
357;Positie;p20
358;Positie;p66
359;Positie;p66
360;Positie;p41
361;Positie;p41
362;Positie;p415
363;Positie;p415
364;Positie;p132
365;Positie;p132
366;Positie;p260
367;Positie;p260
368;Positie;p351
369;Positie;p351
370;Positie;p276
371;Positie;p276
372;Positie;p479
373;Positie;p479
374;Positie;p233
375;Positie;p233
376;Positie;p86
377;Positie;p86
378;Positie;p198
379;Positie;p198
380;Positie;p169
381;Positie;p169
382;Positie;p107
383;Positie;p107
384;Positie;p290
385;Positie;p290
386;Positie;p36
387;Positie;p36
388;Positie;p326
389;Positie;p326
390;Positie;p219
391;Positie;p219
392;Positie;p266
393;Positie;p266
394;Positie;p120
395;Positie;p120
396;Positie;p338
397;Positie;p338
398;Positie;p247
399;Positie;p247
400;Positie;p327
401;Positie;p327
402;Positie;p148
403;Positie;p148
404;Positie;p160
405;Positie;p160
406;Positie;p204
407;Positie;p204
408;Positie;p452
409;Positie;p452
410;Positie;p280
411;Positie;p280
412;Positie;p399
413;Positie;p399
414;Positie;p474
415;Positie;p474
416;Positie;p361
417;Positie;p361
418;Positie;p566
419;Positie;p566
420;Positie;p416
421;Positie;p416
422;Positie;p578
423;Positie;p578
424;Positie;p638
425;Positie;p638
426;Positie;p568
427;Positie;p568
428;Positie;p567
429;Positie;p567
430;Positie;p402
431;Positie;p402
432;Positie;p323
433;Positie;p323
434;Positie;p482
435;Positie;p482
436;Positie;p427
437;Positie;p427
438;Positie;p256
439;Positie;p256
440;Positie;p584
441;Positie;p584
442;Positie;p709
443;Positie;p709
444;Positie;p506
445;Positie;p506
446;Positie;p332
447;Positie;p332
448;Positie;p508
449;Positie;p508
450;Positie;p334
451;Positie;p334
452;Positie;p425
453;Positie;p425
454;Positie;p429
455;Positie;p429
456;Positie;p234
457;Positie;p234
458;Positie;p367
459;Positie;p367
460;Positie;p445
461;Positie;p445
462;Positie;p603
463;Positie;p603
464;Positie;p636
465;Positie;p636
466;Positie;p263
467;Positie;p263
468;Positie;p221
469;Positie;p221
470;Positie;p536
471;Positie;p536
472;Positie;p523
473;Positie;p523
474;Positie;p497
475;Positie;p497
476;Positie;p340
477;Positie;p340
478;Positie;p335
479;Positie;p335
480;Positie;p447
481;Positie;p447
482;Positie;p3
483;Positie;p3
484;Positie;p366
485;Positie;p366
486;Positie;p218
487;Positie;p218
488;Positie;p102
489;Positie;p102
490;Positie;p409
491;Positie;p409
492;Positie;p52
493;Positie;p52
494;Positie;p164
495;Positie;p164
496;Positie;p60
497;Positie;p60
498;Positie;p76
499;Positie;p76
500;Positie;p152
501;Positie;p152
502;Positie;p166
503;Positie;p166
504;Positie;p187
505;Positie;p187
506;Positie;p188
507;Positie;p188
508;Positie;p515
509;Positie;p515
510;Positie;p139
511;Positie;p139
512;Positie;p143
513;Positie;p143
514;Positie;p339
515;Positie;p339
516;Positie;p35
517;Positie;p35
518;Positie;p32
519;Positie;p32
520;Positie;p288
521;Positie;p288
522;Positie;p255
523;Positie;p255
524;Positie;p278
525;Positie;p278
526;Positie;p319
527;Positie;p319
528;Positie;p194
529;Positie;p194
530;Positie;p182
531;Positie;p182
532;Positie;p496
533;Positie;p496
534;Positie;p231
535;Positie;p231
536;Positie;p423
537;Positie;p423
538;Positie;p224
539;Positie;p224
540;Positie;p190
541;Positie;p190
542;Positie;p179
543;Positie;p179
544;Positie;p147
545;Positie;p147
546;Positie;p419
547;Positie;p419
548;Positie;p470
549;Positie;p470
550;Positie;p381
551;Positie;p381
552;Positie;p348
553;Positie;p348
554;Positie;p354
555;Positie;p354
556;Positie;p349
557;Positie;p349
558;Positie;p350
559;Positie;p350
560;Positie;p116
561;Positie;p116
562;Positie;p613
563;Positie;p613
564;Positie;p476
565;Positie;p476
566;Positie;p119
567;Positie;p119
568;Positie;p197
569;Positie;p197
570;Positie;p158
571;Positie;p158
572;Positie;p492
573;Positie;p492
574;Positie;p498
575;Positie;p498
576;Positie;p513
577;Positie;p513
578;Positie;p599
579;Positie;p599
580;Positie;p799
581;Positie;p799
582;Positie;p161
583;Positie;p161
584;Positie;p155
585;Positie;p155
586;Positie;p331
587;Positie;p331
588;Positie;p72
589;Positie;p72
590;Positie;p364
591;Positie;p364
592;Positie;p449
593;Positie;p449
594;Positie;p595
595;Positie;p595
596;Positie;p395
597;Positie;p395
598;Positie;p100
599;Positie;p100
600;Positie;p90
601;Positie;p90
602;Positie;p322
603;Positie;p322
604;Positie;p242
605;Positie;p242
606;Positie;p241
607;Positie;p241
608;Positie;p436
609;Positie;p436
610;Positie;p77
611;Positie;p77
612;Positie;p312
613;Positie;p312
614;Positie;p484
615;Positie;p484
616;Positie;p59
617;Positie;p59
618;Positie;p62
619;Positie;p62
620;Positie;p67
621;Positie;p67
622;Positie;p159
623;Positie;p159
624;Positie;p43
625;Positie;p43
626;Positie;p412
627;Positie;p412
628;Positie;p209
629;Positie;p209
630;Positie;p465
631;Positie;p465
632;Positie;p299
633;Positie;p299
634;Positie;p486
635;Positie;p486
636;Positie;p358
637;Positie;p358
638;Positie;p355
639;Positie;p355
640;Positie;p488
641;Positie;p488
642;Positie;p546
643;Positie;p546
644;Positie;p356
645;Positie;p356
646;Positie;p347
647;Positie;p347
648;Positie;p386
649;Positie;p386
650;Positie;p196
651;Positie;p196
652;Positie;p279
653;Positie;p279
654;Positie;p431
655;Positie;p431
656;Positie;p83
657;Positie;p83
658;Positie;p206
659;Positie;p206
660;Positie;p174
661;Positie;p174
662;Positie;p101
663;Positie;p101
664;Positie;p414
665;Positie;p414
666;Positie;p533
667;Positie;p533
668;Positie;p210
669;Positie;p210
670;Positie;p215
671;Positie;p215
672;Positie;p124
673;Positie;p124
674;Positie;p131
675;Positie;p131
676;Positie;p121
677;Positie;p121
678;Positie;p345
679;Positie;p345
680;Positie;p193
681;Positie;p193
682;Positie;p125
683;Positie;p125
684;Positie;p317
685;Positie;p317
686;Positie;p324
687;Positie;p324
688;Positie;p410
689;Positie;p410
690;Positie;p157
691;Positie;p157
692;Positie;p456
693;Positie;p456
694;Positie;p250
695;Positie;p250
696;Positie;p284
697;Positie;p284
698;Positie;p275
699;Positie;p275
700;Positie;p571
701;Positie;p571
702;Positie;p713
703;Positie;p713
704;Positie;p532
705;Positie;p532
706;Positie;p505
707;Positie;p505
708;Positie;p668
709;Positie;p668
710;Positie;p593
711;Positie;p593
712;Positie;p554
713;Positie;p554
714;Positie;p556
715;Positie;p556
716;Positie;p596
717;Positie;p596
718;Positie;p424
719;Positie;p424
720;Positie;p648
721;Positie;p648
722;Positie;p537
723;Positie;p537
724;Positie;p672
725;Positie;p672
726;Positie;p632
727;Positie;p632
728;Positie;p633
729;Positie;p633
730;Positie;p626
731;Positie;p626
732;Positie;p454
733;Positie;p454
734;Positie;p739
735;Positie;p739
736;Positie;p404
737;Positie;p404
738;Positie;p473
739;Positie;p473
740;Positie;p434
741;Positie;p434
742;Positie;p301
743;Positie;p301
744;Positie;p430
745;Positie;p430
746;Positie;p594
747;Positie;p594
748;Positie;p785
749;Positie;p785
750;Positie;p592
751;Positie;p592
752;Positie;p516
753;Positie;p516
754;Positie;p688
755;Positie;p688
756;Positie;p518
757;Positie;p518
758;Positie;p428
759;Positie;p428
760;Positie;p602
761;Positie;p602
762;Positie;p225
763;Positie;p225
764;Positie;p236
765;Positie;p236
766;Positie;p235
767;Positie;p235
768;Positie;p365
769;Positie;p365
770;Positie;p375
771;Positie;p375
772;Positie;p570
773;Positie;p570
774;Positie;p693
775;Positie;p693
776;Positie;p388
777;Positie;p388
778;Positie;p630
779;Positie;p630
780;Positie;p767
781;Positie;p767
782;Positie;p222
783;Positie;p222
784;Positie;p589
785;Positie;p589
786;Positie;p658
787;Positie;p658
788;Positie;p531
789;Positie;p531
790;Positie;p495
791;Positie;p495
792;Positie;p502
793;Positie;p502
794;Positie;p346
795;Positie;p346
796;Positie;p560
797;Positie;p560
798;Positie;p1
799;Positie;p1
800;Positie;p106
801;Positie;p106
802;Positie;p692
803;Positie;p692
804;Positie;p303
805;Positie;p303
806;Positie;p30
807;Positie;p30
808;Positie;p122
809;Positie;p122
810;Positie;p307
811;Positie;p307
812;Positie;p491
813;Positie;p491
814;Positie;p227
815;Positie;p227
816;Positie;p422
817;Positie;p422
818;Positie;p57
819;Positie;p57
820;Positie;p42
821;Positie;p42
822;Positie;p167
823;Positie;p167
824;Positie;p80
825;Positie;p80
826;Positie;p156
827;Positie;p156
828;Positie;p170
829;Positie;p170
830;Positie;p325
831;Positie;p325
832;Positie;p385
833;Positie;p385
834;Positie;p251
835;Positie;p251
836;Positie;p673
837;Positie;p673
838;Positie;p727
839;Positie;p727
840;Positie;p374
841;Positie;p374
842;Positie;p387
843;Positie;p387
844;Positie;p563
845;Positie;p563
846;Positie;p286
847;Positie;p286
848;Positie;p291
849;Positie;p291
850;Positie;p400
851;Positie;p400
852;Positie;p524
853;Positie;p524
854;Positie;p433
855;Positie;p433
856;Positie;p118
857;Positie;p118
858;Positie;p268
859;Positie;p268
860;Positie;p501
861;Positie;p501
862;Positie;p701
863;Positie;p701
864;Positie;p228
865;Positie;p228
866;Positie;p372
867;Positie;p372
868;Positie;p466
869;Positie;p466
870;Positie;p79
871;Positie;p79
872;Positie;p408
873;Positie;p408
874;Positie;p558
875;Positie;p558
876;Positie;p642
877;Positie;p642
878;Positie;p468
879;Positie;p468
880;Positie;p378
881;Positie;p378
882;Positie;p384
883;Positie;p384
884;Positie;p359
885;Positie;p359
886;Positie;p357
887;Positie;p357
888;Positie;p517
889;Positie;p517
890;Positie;p151
891;Positie;p151
892;Positie;p115
893;Positie;p115
894;Positie;p677
895;Positie;p677
896;Positie;p625
897;Positie;p625
898;Positie;p614
899;Positie;p614
900;Positie;p619
901;Positie;p619
902;Positie;p540
903;Positie;p540
904;Positie;p461
905;Positie;p461
906;Positie;p308
907;Positie;p308
908;Positie;p490
909;Positie;p490
910;Positie;p609
911;Positie;p609
912;Positie;p507
913;Positie;p507
914;Positie;p607
915;Positie;p607
916;Positie;p608
917;Positie;p608
918;Positie;p370
919;Positie;p370
920;Positie;p798
921;Positie;p798
922;Positie;p980
923;Positie;p980
924;Positie;p791
925;Positie;p791
926;Positie;p154
927;Positie;p154
928;Positie;p61
929;Positie;p61
930;Positie;p129
931;Positie;p129
932;Positie;p320
933;Positie;p320
934;Positie;p376
935;Positie;p376
936;Positie;p362
937;Positie;p362
938;Positie;p545
939;Positie;p545
940;Positie;p587
941;Positie;p587
942;Positie;p582
943;Positie;p582
944;Positie;p620
945;Positie;p620
946;Positie;p216
947;Positie;p216
948;Positie;p426
949;Positie;p426
950;Positie;p377
951;Positie;p377
952;Positie;p650
953;Positie;p650
954;Positie;p302
955;Positie;p302
956;Positie;p530
957;Positie;p530
958;Positie;p315
959;Positie;p315
960;Positie;p310
961;Positie;p310
962;Positie;p477
963;Positie;p477
964;Positie;p679
965;Positie;p679
966;Positie;p39
967;Positie;p39
968;Positie;p521
969;Positie;p521
970;Positie;p211
971;Positie;p211
972;Positie;p462
973;Positie;p462
974;Positie;p645
975;Positie;p645
976;Positie;p223
977;Positie;p223
978;Positie;p685
979;Positie;p685
980;Positie;p548
981;Positie;p548
982;Positie;p555
983;Positie;p555
984;Positie;p306
985;Positie;p306
986;Positie;p352
987;Positie;p352
988;Positie;p391
989;Positie;p391
990;Positie;p213
991;Positie;p213
992;Positie;p392
993;Positie;p392
994;Positie;p297
995;Positie;p297
996;Positie;p451
997;Positie;p451
998;Positie;p168
999;Positie;p168
1000;Positie;p413
1001;Positie;p413
1002;Positie;p640
1003;Positie;p640
1004;Positie;p652
1005;Positie;p652
1006;Positie;p526
1007;Positie;p526
1008;Positie;p453
1009;Positie;p453
1010;Positie;p217
1011;Positie;p217
1012;Positie;p254
1013;Positie;p254
1014;Positie;p411
1015;Positie;p411
1016;Positie;p300
1017;Positie;p300
1018;Positie;p163
1019;Positie;p163
1020;Positie;p503
1021;Positie;p503
1022;Positie;p574
1023;Positie;p574
1024;Positie;p576
1025;Positie;p576
1026;Positie;p716
1027;Positie;p716
1028;Positie;p718
1029;Positie;p718
1030;Positie;p726
1031;Positie;p726
1032;Positie;p382
1033;Positie;p382
1034;Positie;p702
1035;Positie;p702
1036;Positie;p865
1037;Positie;p865
1038;Positie;p660
1039;Positie;p660
1040;Positie;p659
1041;Positie;p659
1042;Positie;p588
1043;Positie;p588
1044;Positie;p653
1045;Positie;p653
1046;Positie;p534
1047;Positie;p534
1048;Positie;p557
1049;Positie;p557
1050;Positie;p457
1051;Positie;p457
1052;Positie;p552
1053;Positie;p552
1054;Positie;p597
1055;Positie;p597
1056;Positie;p549
1057;Positie;p549
1058;Positie;p541
1059;Positie;p541
1060;Positie;p877
1061;Positie;p877
1062;Positie;p628
1063;Positie;p628
1064;Positie;p639
1065;Positie;p639
1066;Positie;p627
1067;Positie;p627
1068;Positie;p580
1069;Positie;p580
1070;Positie;p734
1071;Positie;p734
1072;Positie;p731
1073;Positie;p731
1074;Positie;p733
1075;Positie;p733
1076;Positie;p618
1077;Positie;p618
1078;Positie;p398
1079;Positie;p398
1080;Positie;p637
1081;Positie;p637
1082;Positie;p380
1083;Positie;p380
1084;Positie;p683
1085;Positie;p683
1086;Positie;p721
1087;Positie;p721
1088;Positie;p590
1089;Positie;p590
1090;Positie;p774
1091;Positie;p774
1092;Positie;p784
1093;Positie;p784
1094;Positie;p779
1095;Positie;p779
1096;Positie;p787
1097;Positie;p787
1098;Positie;p583
1099;Positie;p583
1100;Positie;p766
1101;Positie;p766
1102;Positie;p691
1103;Positie;p691
1104;Positie;p717
1105;Positie;p717
1106;Positie;p858
1107;Positie;p858
1108;Positie;p528
1109;Positie;p528
1110;Positie;p657
1111;Positie;p657
1112;Positie;p435
1113;Positie;p435
1114;Positie;p610
1115;Positie;p610
1116;Positie;p232
1117;Positie;p232
1118;Positie;p171
1119;Positie;p171
1120;Positie;p226
1121;Positie;p226
1122;Positie;p55
1123;Positie;p55
1124;Positie;p293
1125;Positie;p293
1126;Positie;p373
1127;Positie;p373
1128;Positie;p922
1129;Positie;p922
1130;Positie;p686
1131;Positie;p686
1132;Positie;p741
1133;Positie;p741
1134;Positie;p900
1135;Positie;p900
1136;Positie;p360
1137;Positie;p360
1138;Positie;p631
1139;Positie;p631
1140;Positie;p634
1141;Positie;p634
1142;Positie;p763
1143;Positie;p763
1144;Positie;p966
1145;Positie;p966
1146;Positie;p759
1147;Positie;p759
1148;Positie;p664
1149;Positie;p664
1150;Positie;p714
1151;Positie;p714
1152;Positie;p313
1153;Positie;p313
1154;Positie;p572
1155;Positie;p572
1156;Positie;p439
1157;Positie;p439
1158;Positie;p746
1159;Positie;p746
1160;Positie;p316
1161;Positie;p316
1162;Positie;p311
1163;Positie;p311
1164;Positie;p186
1165;Positie;p186
1166;Positie;p130
1167;Positie;p130
1168;Positie;p309
1169;Positie;p309
1170;Positie;p82
1171;Positie;p82
1172;Positie;p178
1173;Positie;p178
1174;Positie;p437
1175;Positie;p437
1176;Positie;p379
1177;Positie;p379
1178;Positie;p389
1179;Positie;p389
1180;Positie;p674
1181;Positie;p674
1182;Positie;p622
1183;Positie;p622
1184;Positie;p729
1185;Positie;p729
1186;Positie;p467
1187;Positie;p467
1188;Positie;p629
1189;Positie;p629
1190;Positie;p184
1191;Positie;p184
1192;Positie;p298
1193;Positie;p298
1194;Positie;p405
1195;Positie;p405
1196;Positie;p680
1197;Positie;p680
1198;Positie;p525
1199;Positie;p525
1200;Positie;p606
1201;Positie;p606
1202;Positie;p676
1203;Positie;p676
1204;Positie;p698
1205;Positie;p698
1206;Positie;p621
1207;Positie;p621
1208;Positie;p806
1209;Positie;p806
1210;Positie;p712
1211;Positie;p712
1212;Positie;p369
1213;Positie;p369
1214;Positie;p647
1215;Positie;p647
1216;Positie;p651
1217;Positie;p651
1218;Positie;p666
1219;Positie;p666
1220;Positie;p383
1221;Positie;p383
1222;Positie;p471
1223;Positie;p471
1224;Positie;p487
1225;Positie;p487
1226;Positie;p681
1227;Positie;p681
1228;Positie;p929
1229;Positie;p929
1230;Positie;p615
1231;Positie;p615
1232;Positie;p442
1233;Positie;p442
1234;Positie;p624
1235;Positie;p624
1236;Positie;p543
1237;Positie;p543
1238;Positie;p616
1239;Positie;p616
1240;Positie;p605
1241;Positie;p605
1242;Positie;p690
1243;Positie;p690
1244;Positie;p512
1245;Positie;p512
1246;Positie;p481
1247;Positie;p481
1248;Positie;p736
1249;Positie;p736
1250;Positie;p792
1251;Positie;p792
1252;Positie;p794
1253;Positie;p794
1254;Positie;p863
1255;Positie;p863
1256;Positie;p917
1257;Positie;p917
1258;Positie;p984
1259;Positie;p984
1260;Positie;p983
1261;Positie;p983
1262;Positie;p986
1263;Positie;p986
1264;Positie;p1014
1265;Positie;p1014
1266;Positie;p128
1267;Positie;p128
1268;Positie;p510
1269;Positie;p510
1270;Positie;p542
1271;Positie;p542
1272;Positie;p448
1273;Positie;p448
1274;Positie;p684
1275;Positie;p684
1276;Positie;p612
1277;Positie;p612
1278;Positie;p443
1279;Positie;p443
1280;Positie;p485
1281;Positie;p485
1282;Positie;p694
1283;Positie;p694
1284;Positie;p654
1285;Positie;p654
1286;Positie;p646
1287;Positie;p646
1288;Positie;p529
1289;Positie;p529
1290;Positie;p363
1291;Positie;p363
1292;Positie;p520
1293;Positie;p520
1294;Positie;p825
1295;Positie;p825
1296;Positie;p689
1297;Positie;p689
1298;Positie;p553
1299;Positie;p553
1300;Positie;p314
1301;Positie;p314
1302;Positie;p304
1303;Positie;p304
1304;Positie;p189
1305;Positie;p189
1306;Positie;p292
1307;Positie;p292
1308;Positie;p296
1309;Positie;p296
1310;Positie;p635
1311;Positie;p635
1312;Positie;p753
1313;Positie;p753
1314;Positie;p257
1315;Positie;p257
1316;Positie;p438
1317;Positie;p438
1318;Positie;p475
1319;Positie;p475
1320;Positie;p695
1321;Positie;p695
1322;Positie;p751
1323;Positie;p751
1324;Positie;p754
1325;Positie;p754
1326;Positie;p848
1327;Positie;p848
1328;Positie;p390
1329;Positie;p390
1330;Positie;p705
1331;Positie;p705
1332;Positie;p765
1333;Positie;p765
1334;Positie;p874
1335;Positie;p874
1336;Positie;p661
1337;Positie;p661
1338;Positie;p656
1339;Positie;p656
1340;Positie;p489
1341;Positie;p489
1342;Positie;p663
1343;Positie;p663
1344;Positie;p662
1345;Positie;p662
1346;Positie;p591
1347;Positie;p591
1348;Positie;p671
1349;Positie;p671
1350;Positie;p440
1351;Positie;p440
1352;Positie;p519
1353;Positie;p519
1354;Positie;p551
1355;Positie;p551
1356;Positie;p368
1357;Positie;p368
1358;Positie;p565
1359;Positie;p565
1360;Positie;p604
1361;Positie;p604
1362;Positie;p598
1363;Positie;p598
1364;Positie;p600
1365;Positie;p600
1366;Positie;p295
1367;Positie;p295
1368;Positie;p884
1369;Positie;p884
1370;Positie;p879
1371;Positie;p879
1372;Positie;p822
1373;Positie;p822
1374;Positie;p786
1375;Positie;p786
1376;Positie;p738
1377;Positie;p738
1378;Positie;p935
1379;Positie;p935
1380;Positie;p740
1381;Positie;p740
1382;Positie;p885
1383;Positie;p885
1384;Positie;p569
1385;Positie;p569
1386;Positie;p775
1387;Positie;p775
1388;Positie;p804
1389;Positie;p804
1390;Positie;p641
1391;Positie;p641
1392;Positie;p760
1393;Positie;p760
1394;Positie;p847
1395;Positie;p847
1396;Positie;p808
1397;Positie;p808
1398;Positie;p649
1399;Positie;p649
1400;Positie;p905
1401;Positie;p905
1402;Positie;p735
1403;Positie;p735
1404;Positie;p940
1405;Positie;p940
1406;Positie;p851
1407;Positie;p851
1408;Positie;p539
1409;Positie;p539
1410;Positie;p758
1411;Positie;p758
1412;Positie;p856
1413;Positie;p856
1414;Positie;p723
1415;Positie;p723
1416;Positie;p478
1417;Positie;p478
1418;Positie;p469
1419;Positie;p469
1420;Positie;p535
1421;Positie;p535
1422;Positie;p458
1423;Positie;p458
1424;Positie;p87
1425;Positie;p87
1426;Positie;p177
1427;Positie;p177
1428;Positie;p75
1429;Positie;p75
1430;Positie;p394
1431;Positie;p394
1432;Positie;p544
1433;Positie;p544
1434;Positie;p750
1435;Positie;p750
1436;Positie;p756
1437;Positie;p756
1438;Positie;p960
1439;Positie;p960
1440;Positie;p921
1441;Positie;p921
1442;Positie;p720
1443;Positie;p720
1444;Positie;p579
1445;Positie;p579
1446;Positie;p601
1447;Positie;p601
1448;Positie;p305
1449;Positie;p305
1450;Positie;p85
1451;Positie;p85
1452;Positie;p494
1453;Positie;p494
1454;Positie;p776
1455;Positie;p776
1456;Positie;p824
1457;Positie;p824
1458;Positie;p667
1459;Positie;p667
1460;Positie;p793
1461;Positie;p793
1462;Positie;p749
1463;Positie;p749
1464;Positie;p842
1465;Positie;p842
1466;Positie;p682
1467;Positie;p682
1468;Positie;p899
1469;Positie;p899
1470;Positie;p703
1471;Positie;p703
1472;Positie;p697
1473;Positie;p697
1474;Positie;p816
1475;Positie;p816
1476;Positie;p817
1477;Positie;p817
1478;Positie;p665
1479;Positie;p665
1480;Positie;p420
1481;Positie;p420
1482;Positie;p807
1483;Positie;p807
1484;Positie;p867
1485;Positie;p867
1486;Positie;p963
1487;Positie;p963
1488;Positie;p937
1489;Positie;p937
1490;Positie;p795
1491;Positie;p795
1492;Positie;p450
1493;Positie;p450
1494;Positie;p881
1495;Positie;p881
1496;Positie;p730
1497;Positie;p730
1498;Positie;p790
1499;Positie;p790
1500;Positie;p789
1501;Positie;p789
1502;Positie;p988
1503;Positie;p988
1504;Positie;p873
1505;Positie;p873
1506;Positie;p862
1507;Positie;p862
1508;Positie;p838
1509;Positie;p838
1510;Positie;p916
1511;Positie;p916
1512;Positie;p975
1513;Positie;p975
1514;Positie;p882
1515;Positie;p882
1516;Positie;p979
1517;Positie;p979
1518;Positie;p872
1519;Positie;p872
1520;Positie;p1017
1521;Positie;p1017
1522;Positie;p1004
1523;Positie;p1004
1524;Positie;p678
1525;Positie;p678
1526;Positie;p696
1527;Positie;p696
1528;Positie;p480
1529;Positie;p480
1530;Positie;p706
1531;Positie;p706
1532;Positie;p644
1533;Positie;p644
1534;Positie;p459
1535;Positie;p459
1536;Positie;p818
1537;Positie;p818
1538;Positie;p920
1539;Positie;p920
1540;Positie;p932
1541;Positie;p932
1542;Positie;p559
1543;Positie;p559
1544;Positie;p172
1545;Positie;p172
1546;Positie;p183
1547;Positie;p183
1548;Positie;p770
1549;Positie;p770
1550;Positie;p743
1551;Positie;p743
1552;Positie;p772
1553;Positie;p772
1554;Positie;p953
1555;Positie;p953
1556;Positie;p857
1557;Positie;p857
1558;Positie;p745
1559;Positie;p745
1560;Positie;p852
1561;Positie;p852
1562;Positie;p699
1563;Positie;p699
1564;Positie;p764
1565;Positie;p764
1566;Positie;p761
1567;Positie;p761
1568;Positie;p871
1569;Positie;p871
1570;Positie;p617
1571;Positie;p617
1572;Positie;p846
1573;Positie;p846
1574;Positie;p855
1575;Positie;p855
1576;Positie;p670
1577;Positie;p670
1578;Positie;p797
1579;Positie;p797
1580;Positie;p859
1581;Positie;p859
1582;Positie;p700
1583;Positie;p700
1584;Positie;p809
1585;Positie;p809
1586;Positie;p1010
1587;Positie;p1010
1588;Positie;p782
1589;Positie;p782
1590;Positie;p783
1591;Positie;p783
1592;Positie;p611
1593;Positie;p611
1594;Positie;p719
1595;Positie;p719
1596;Positie;p724
1597;Positie;p724
1598;Positie;p936
1599;Positie;p936
1600;Positie;p934
1601;Positie;p934
1602;Positie;p918
1603;Positie;p918
1604;Positie;p581
1605;Positie;p581
1606;Positie;p669
1607;Positie;p669
1608;Positie;p985
1609;Positie;p985
1610;Positie;p623
1611;Positie;p623
1612;Positie;p527
1613;Positie;p527
1614;Positie;p757
1615;Positie;p757
1616;Positie;p801
1617;Positie;p801
1618;Positie;p974
1619;Positie;p974
1620;Positie;p889
1621;Positie;p889
1622;Positie;p849
1623;Positie;p849
1624;Positie;p655
1625;Positie;p655
1626;Positie;p896
1627;Positie;p896
1628;Positie;p909
1629;Positie;p909
1630;Positie;p939
1631;Positie;p939
1632;Positie;p675
1633;Positie;p675
1634;Positie;p860
1635;Positie;p860
1636;Positie;p550
1637;Positie;p550
1638;Positie;p853
1639;Positie;p853
1640;Positie;p547
1641;Positie;p547
1642;Positie;p805
1643;Positie;p805
1644;Positie;p78
1645;Positie;p78
1646;Positie;p81
1647;Positie;p81
1648;Positie;p915
1649;Positie;p915
1650;Positie;p840
1651;Positie;p840
1652;Positie;p925
1653;Positie;p925
1654;Positie;p910
1655;Positie;p910
1656;Positie;p483
1657;Positie;p483
1658;Positie;p762
1659;Positie;p762
1660;Positie;p781
1661;Positie;p781
1662;Positie;p778
1663;Positie;p778
1664;Positie;p777
1665;Positie;p777
1666;Positie;p829
1667;Positie;p829
1668;Positie;p827
1669;Positie;p827
1670;Positie;p819
1671;Positie;p819
1672;Positie;p835
1673;Positie;p835
1674;Positie;p845
1675;Positie;p845
1676;Positie;p748
1677;Positie;p748
1678;Positie;p895
1679;Positie;p895
1680;Positie;p810
1681;Positie;p810
1682;Positie;p830
1683;Positie;p830
1684;Positie;p834
1685;Positie;p834
1686;Positie;p941
1687;Positie;p941
1688;Positie;p708
1689;Positie;p708
1690;Positie;p710
1691;Positie;p710
1692;Positie;p788
1693;Positie;p788
1694;Positie;p814
1695;Positie;p814
1696;Positie;p815
1697;Positie;p815
1698;Positie;p820
1699;Positie;p820
1700;Positie;p969
1701;Positie;p969
1702;Positie;p973
1703;Positie;p973
1704;Positie;p933
1705;Positie;p933
1706;Positie;p796
1707;Positie;p796
1708;Positie;p876
1709;Positie;p876
1710;Positie;p868
1711;Positie;p868
1712;Positie;p780
1713;Positie;p780
1714;Positie;p947
1715;Positie;p947
1716;Positie;p978
1717;Positie;p978
1718;Positie;p892
1719;Positie;p892
1720;Positie;p891
1721;Positie;p891
1722;Positie;p981
1723;Positie;p981
1724;Positie;p821
1725;Positie;p821
1726;Positie;p711
1727;Positie;p711
1728;Positie;p837
1729;Positie;p837
1730;Positie;p1008
1731;Positie;p1008
1732;Positie;p888
1733;Positie;p888
1734;Positie;p704
1735;Positie;p704
1736;Positie;p707
1737;Positie;p707
1738;Positie;p839
1739;Positie;p839
1740;Positie;p826
1741;Positie;p826
1742;Positie;p914
1743;Positie;p914
1744;Positie;p924
1745;Positie;p924
1746;Positie;p923
1747;Positie;p923
1748;Positie;p926
1749;Positie;p926
1750;Positie;p927
1751;Positie;p927
1752;Positie;p744
1753;Positie;p744
1754;Positie;p752
1755;Positie;p752
1756;Positie;p769
1757;Positie;p769
1758;Positie;p943
1759;Positie;p943
1760;Positie;p911
1761;Positie;p911
1762;Positie;p823
1763;Positie;p823
1764;Positie;p875
1765;Positie;p875
1766;Positie;p768
1767;Positie;p768
1768;Positie;p970
1769;Positie;p970
1770;Positie;p866
1771;Positie;p866
1772;Positie;p864
1773;Positie;p864
1774;Positie;p956
1775;Positie;p956
1776;Positie;p812
1777;Positie;p812
1778;Positie;p832
1779;Positie;p832
1780;Positie;p843
1781;Positie;p843
1782;Positie;p844
1783;Positie;p844
1784;Positie;p854
1785;Positie;p854
1786;Positie;p919
1787;Positie;p919
1788;Positie;p800
1789;Positie;p800
1790;Positie;p869
1791;Positie;p869
1792;Positie;p996
1793;Positie;p996
1794;Positie;p1006
1795;Positie;p1006
1796;Positie;p773
1797;Positie;p773
1798;Positie;p1001
1799;Positie;p1001
1800;Positie;p722
1801;Positie;p722
1802;Positie;p564
1803;Positie;p564
1804;Positie;p928
1805;Positie;p928
1806;Positie;p878
1807;Positie;p878
1808;Positie;p893
1809;Positie;p893
1810;Positie;p913
1811;Positie;p913
1812;Positie;p577
1813;Positie;p577
1814;Positie;p870
1815;Positie;p870
1816;Positie;p968
1817;Positie;p968
1818;Positie;p965
1819;Positie;p965
1820;Positie;p957
1821;Positie;p957
1822;Positie;p961
1823;Positie;p961
1824;Positie;p938
1825;Positie;p938
1826;Positie;p861
1827;Positie;p861
1828;Positie;p959
1829;Positie;p959
1830;Positie;p771
1831;Positie;p771
1832;Positie;p833
1833;Positie;p833
1834;Positie;p742
1835;Positie;p742
1836;Positie;p904
1837;Positie;p904
1838;Positie;p894
1839;Positie;p894
1840;Positie;p898
1841;Positie;p898
1842;Positie;p803
1843;Positie;p803
1844;Positie;p813
1845;Positie;p813
1846;Positie;p989
1847;Positie;p989
1848;Positie;p841
1849;Positie;p841
1850;Positie;p950
1851;Positie;p950
1852;Positie;p828
1853;Positie;p828
1854;Positie;p964
1855;Positie;p964
1856;Positie;p967
1857;Positie;p967
1858;Positie;p1015
1859;Positie;p1015
1860;Positie;p952
1861;Positie;p952
1862;Positie;p902
1863;Positie;p902
1864;Positie;p949
1865;Positie;p949
1866;Positie;p945
1867;Positie;p945
1868;Positie;p886
1869;Positie;p886
1870;Positie;p561
1871;Positie;p561
1872;Positie;p728
1873;Positie;p728
1874;Positie;p715
1875;Positie;p715
1876;Positie;p737
1877;Positie;p737
1878;Positie;p912
1879;Positie;p912
1880;Positie;p991
1881;Positie;p991
1882;Positie;p930
1883;Positie;p930
1884;Positie;p942
1885;Positie;p942
1886;Positie;p836
1887;Positie;p836
1888;Positie;p1003
1889;Positie;p1003
1890;Positie;p880
1891;Positie;p880
1892;Positie;p948
1893;Positie;p948
1894;Positie;p987
1895;Positie;p987
1896;Positie;p998
1897;Positie;p998
1898;Positie;p999
1899;Positie;p999
1900;Positie;p1016
1901;Positie;p1016
1902;Positie;p1011
1903;Positie;p1011
1904;Positie;p1000
1905;Positie;p1000
1906;Positie;p962
1907;Positie;p962
1908;Positie;p887
1909;Positie;p887
1910;Positie;p573
1911;Positie;p573
1912;Positie;p951
1913;Positie;p951
1914;Positie;p954
1915;Positie;p954
1916;Positie;p831
1917;Positie;p831
1918;Positie;p1012
1919;Positie;p1012
1920;Positie;p971
1921;Positie;p971
1922;Positie;p931
1923;Positie;p931
1924;Positie;p907
1925;Positie;p907
1926;Positie;p997
1927;Positie;p997
1928;Positie;p1007
1929;Positie;p1007
1930;Positie;p944
1931;Positie;p944
1932;Positie;p883
1933;Positie;p883
1934;Positie;p802
1935;Positie;p802
1936;Positie;p850
1937;Positie;p850
1938;Positie;p1005
1939;Positie;p1005
1940;Positie;p958
1941;Positie;p958
1942;Positie;p687
1943;Positie;p687
1944;Positie;p1009
1945;Positie;p1009
1946;Positie;p993
1947;Positie;p993
1948;Positie;p946
1949;Positie;p946
1950;Positie;p811
1951;Positie;p811
1952;Positie;p955
1953;Positie;p955
1954;Positie;p747
1955;Positie;p747
1956;Positie;p994
1957;Positie;p994
1958;Positie;p901
1959;Positie;p901
1960;Positie;p976
1961;Positie;p976
1962;Positie;p982
1963;Positie;p982
